{
    "$schema": "https://schema.management.azure.com/schemas/2015-01-01/deploymentParameters.json#",
    "contentVersion": "1.0.0.0",
    "parameters": {
        "virtualMachines_amsvm0_adminPassword": {
            "value": "P@ssword.123!"
        },
         "virtualMachines_amsvm1_adminPassword": {
            "value": "P@ssword.123!"
        },
        "virtualMachines_amsvm0_name": {
            "value": "yourvm0name"
        },
        "virtualMachines_amsvm1_name": {
            "value": "yourvm1name"
        },
        "virtualNetworks_vnetAms_name": {
            "value": "yourvnetname"
        },
        "networkInterfaces_amsvm077_name": {
            "value": "vmvirg0837"
        },
        "networkInterfaces_amsvm1681_name": {
            "value": "vmvirg145"
        },
        "publicIPAddresses_bemamsvm0_name": {
            "value": "yourpipnamevm0"
        },
        "publicIPAddresses_bemamsvm1_name": {
            "value": "yourpipnamevm1"
        },
        "domainNameLabel_dnsamsvm0_name":{
            "value": "yourdnsnamevm0"
        },
        "domainNameLabel_dnsamsvm1_name":{
            "value": "yourdnsnamevm1"
        },
        "availabilitySets_amsavailset_name": {
            "value": "youravsname"
        },
        "networkSecurityGroups_amsnsg_name": {
            "value": "yournsgname"
        },
        "storageAccounts_storeamsbemcgarry_name": {
            "value": "youruniquestorageaccount"
        },
        "schedules_shutdown_computevm_amsvm0_name": {
            "value": "shutdown-computevm-yourvm0name"
        },
        "schedules_shutdown_computevm_amsvm1_name": {
            "value": "shutdown-computevm-yourvm1name"
        },
        "subnets_default_name": {
            "value": "default"
        },
        "securityRules_AllowRDP_name": {
            "value": "AllowRDP"
        },
        "securityRules_AllowHTTP_name": {
            "value": "AllowHTTP"
        }
    }
}