{
    "$schema": "https://schema.management.azure.com/schemas/2015-01-01/deploymentTemplate.json#",
    "contentVersion": "1.0.0.0",
    "parameters": {
        "virtualMachines_amsvm0_adminPassword":{
            "defaultValue": null,
            "type": "SecureString"
        },
        "virtualMachines_amsvm1_adminPassword":{
            "defaultValue": null,
            "type": "SecureString"
        },
        "virtualMachines_amsvm0_name": {
            "defaultValue": null,
            "type": "String"
        },
        "virtualMachines_amsvm1_name": {
            "defaultValue": null,
            "type": "String"
        },
        "virtualNetworks_vnetAms_name": {
            "defaultValue": null,
            "type": "String"
        },
        "networkInterfaces_amsvm077_name": {
            "defaultValue": null,
            "type": "String"
        },
        "networkInterfaces_amsvm1681_name": {
            "defaultValue": null,
            "type": "String"
        },
        "publicIPAddresses_bemamsvm0_name": {
            "defaultValue": null,
            "type": "String"
        },
        "publicIPAddresses_bemamsvm1_name": {
            "defaultValue": null,
            "type": "String"
        },
        "availabilitySets_amsavailset_name": {
            "defaultValue": null,
            "type": "String"
        },
        "domainNameLabel_dnsamsvm0_name":{
            "defaultValue": null,
            "type": "String"
        },
        "domainNameLabel_dnsamsvm1_name":{
            "defaultValue": null,
            "type": "String"
        },
        "networkSecurityGroups_amsnsg_name": {
            "defaultValue": null,
            "type": "String"
        },
        "storageAccounts_storeamsbemcgarry_name": {
            "defaultValue": null,
            "type": "String"
        },
        "schedules_shutdown_computevm_amsvm0_name": {
            "defaultValue": null,
            "type": "String"
        },
        "schedules_shutdown_computevm_amsvm1_name": {
            "defaultValue": null,
            "type": "String"
        },
        "subnets_default_name": {
            "defaultValue": null,
            "type": "String"
        },
        "securityRules_AllowRDP_name": {
            "defaultValue": null,
            "type": "String"
        },
        "securityRules_AllowHTTP_name": {
            "defaultValue": null,
            "type": "String"
        }
    },
    "variables": {},
    "resources": [
        {
            "comments": "Generalized from resource: '/subscriptions/d1d90306-d2f7-4037-b629-1c56e1d54fa5/resourceGroups/rgAms/providers/Microsoft.Compute/availabilitySets/amsavailset'.",
            "type": "Microsoft.Compute/availabilitySets",
            "sku": {
                "name": "Classic"
            },
            "name": "[parameters('availabilitySets_amsavailset_name')]",
            "apiVersion": "2018-06-01",
            "location": "westeurope",
            "tags": {},
            "scale": null,
            "properties": {
                "platformUpdateDomainCount": 5,
                "platformFaultDomainCount": 2,
                "virtualMachines": [
                    {
                        "id": "[resourceId('Microsoft.Compute/virtualMachines', parameters('virtualMachines_amsvm0_name'))]"
                    },
                    {
                        "id": "[resourceId('Microsoft.Compute/virtualMachines', parameters('virtualMachines_amsvm1_name'))]"
                    }
                ]
            },
            "dependsOn": [
            ]
        },
        {
            "comments": "Generalized from resource: '/subscriptions/d1d90306-d2f7-4037-b629-1c56e1d54fa5/resourceGroups/rgAms/providers/Microsoft.Compute/virtualMachines/amsvm0'.",
            "type": "Microsoft.Compute/virtualMachines",
            "name": "[parameters('virtualMachines_amsvm0_name')]",
            "apiVersion": "2018-06-01",
            "location": "westeurope",
            "tags": {},
            "scale": null,
            "properties": {
                "availabilitySet": {
                    "id": "[resourceId('Microsoft.Compute/availabilitySets', parameters('availabilitySets_amsavailset_name'))]"
                },
                "hardwareProfile": {
                    "vmSize": "Standard_DS1_v2"
                },
                "storageProfile": {
                    "imageReference": {
                        "publisher": "MicrosoftWindowsServer",
                        "offer": "WindowsServer",
                        "sku": "2019-Datacenter",
                        "version": "latest"
                    },
                    "osDisk": {
                        "osType": "Windows",
                        "name": "[parameters('virtualMachines_amsvm0_name')]",
                        "createOption": "FromImage",
                        "vhd": {
                            "uri": "[concat('https', '://', parameters('storageAccounts_storeamsbemcgarry_name'), '.blob.core.windows.net', concat('/vhds/', parameters('virtualMachines_amsvm0_name'),'20181226201800.vhd'))]"
                        },
                        "caching": "ReadWrite",
                        "diskSizeGB": 127
                    },
                    "dataDisks": []
                },
                "osProfile": {
                    "computerName": "[parameters('virtualMachines_amsvm0_name')]",
                    "adminUsername": "vmadmin",
                    "windowsConfiguration": {
                        "provisionVMAgent": true,
                        "enableAutomaticUpdates": true
                    },
                    "secrets": [],
                    "adminPassword":"[parameters('virtualMachines_amsvm0_adminPassword')]",
                    "allowExtensionOperations": true
                },
                "networkProfile": {
                    "networkInterfaces": [
                        {
                            "id": "[resourceId('Microsoft.Network/networkInterfaces', parameters('networkInterfaces_amsvm077_name'))]"
                        }
                    ]
                }
            },
            "dependsOn": [
                "[resourceId('Microsoft.Compute/availabilitySets', parameters('availabilitySets_amsavailset_name'))]",
                "[resourceId('Microsoft.Storage/storageAccounts', parameters('storageAccounts_storeamsbemcgarry_name'))]",
                "[resourceId('Microsoft.Network/networkInterfaces', parameters('networkInterfaces_amsvm077_name'))]"
            ]
        },
        {
            "comments": "Generalized from resource: '/subscriptions/d1d90306-d2f7-4037-b629-1c56e1d54fa5/resourceGroups/rgAms/providers/Microsoft.Compute/virtualMachines/amsvm1'.",
            "type": "Microsoft.Compute/virtualMachines",
            "name": "[parameters('virtualMachines_amsvm1_name')]",
            "apiVersion": "2018-06-01",
            "location": "westeurope",
            "tags": {},
            "scale": null,
            "properties": {
                "availabilitySet": {
                    "id": "[resourceId('Microsoft.Compute/availabilitySets', parameters('availabilitySets_amsavailset_name'))]"
                },
                "hardwareProfile": {
                    "vmSize": "Standard_DS1_v2"
                },
                "storageProfile": {
                    "imageReference": {
                        "publisher": "MicrosoftWindowsServer",
                        "offer": "WindowsServer",
                        "sku": "2019-Datacenter",
                        "version": "latest"
                    },
                    "osDisk": {
                        "osType": "Windows",
                        "name": "[parameters('virtualMachines_amsvm1_name')]",
                        "createOption": "FromImage",
                        "vhd": {
                            "uri": "[concat('https', '://', parameters('storageAccounts_storeamsbemcgarry_name'), '.blob.core.windows.net', concat('/vhds/', parameters('virtualMachines_amsvm1_name'),'20181226204824.vhd'))]"
                        },
                        "caching": "ReadWrite",
                        "diskSizeGB": 127
                    },
                    "dataDisks": []
                },
                "osProfile": {
                    "computerName": "[parameters('virtualMachines_amsvm1_name')]",
                    "adminUsername": "vmadmin",
                    "windowsConfiguration": {
                        "provisionVMAgent": true,
                        "enableAutomaticUpdates": true
                    },
                    "secrets": [],
                    "adminPassword":"[parameters('virtualMachines_amsvm1_adminPassword')]",
                    "allowExtensionOperations": true
                },
                "networkProfile": {
                    "networkInterfaces": [
                        {
                            "id": "[resourceId('Microsoft.Network/networkInterfaces', parameters('networkInterfaces_amsvm1681_name'))]"
                        }
                    ]
                }
            },
            "dependsOn": [
                "[resourceId('Microsoft.Compute/availabilitySets', parameters('availabilitySets_amsavailset_name'))]",
                "[resourceId('Microsoft.Storage/storageAccounts', parameters('storageAccounts_storeamsbemcgarry_name'))]",
                "[resourceId('Microsoft.Network/networkInterfaces', parameters('networkInterfaces_amsvm1681_name'))]"
            ]
        },
        {
            "comments": "Generalized from resource: '/subscriptions/d1d90306-d2f7-4037-b629-1c56e1d54fa5/resourcegroups/rgams/providers/microsoft.devtestlab/schedules/shutdown-computevm-amsvm0'.",
            "type": "microsoft.devtestlab/schedules",
            "name": "[parameters('schedules_shutdown_computevm_amsvm0_name')]",
            "apiVersion": "2016-05-15",
            "location": "westeurope",
            "scale": null,
            "properties": {
                "status": "Enabled",
                "taskType": "ComputeVmShutdownTask",
                "dailyRecurrence": {
                    "time": "1900"
                },
                "timeZoneId": "UTC",
                "notificationSettings": {
                    "status": "Disabled",
                    "timeInMinutes": 30,
                    "webhookUrl": ""
                },
                "targetResourceId": "[resourceId('Microsoft.Compute/virtualMachines', parameters('virtualMachines_amsvm0_name'))]",
                "provisioningState": "Succeeded",
                "uniqueIdentifier": "88df5003-2245-4e74-8cf7-81252f731ff0"
            },
            "dependsOn": [
                "[resourceId('Microsoft.Compute/virtualMachines', parameters('virtualMachines_amsvm0_name'))]"
            ]
        },
        {
            "comments": "Generalized from resource: '/subscriptions/d1d90306-d2f7-4037-b629-1c56e1d54fa5/resourcegroups/rgams/providers/microsoft.devtestlab/schedules/shutdown-computevm-amsvm1'.",
            "type": "microsoft.devtestlab/schedules",
            "name": "[parameters('schedules_shutdown_computevm_amsvm1_name')]",
            "apiVersion": "2016-05-15",
            "location": "westeurope",
            "scale": null,
            "properties": {
                "status": "Enabled",
                "taskType": "ComputeVmShutdownTask",
                "dailyRecurrence": {
                    "time": "1900"
                },
                "timeZoneId": "UTC",
                "notificationSettings": {
                    "status": "Disabled",
                    "timeInMinutes": 30,
                    "webhookUrl": ""
                },
                "targetResourceId": "[resourceId('Microsoft.Compute/virtualMachines', parameters('virtualMachines_amsvm1_name'))]",
                "provisioningState": "Succeeded",
                "uniqueIdentifier": "6fb9b8d3-c1d2-42b0-9ddb-7ea674f3241e"
            },
            "dependsOn": [
                "[resourceId('Microsoft.Compute/virtualMachines', parameters('virtualMachines_amsvm1_name'))]"
            ]
        },
        {
            "comments": "Generalized from resource: '/subscriptions/d1d90306-d2f7-4037-b629-1c56e1d54fa5/resourceGroups/rgAms/providers/Microsoft.Network/networkInterfaces/amsvm077'.",
            "type": "Microsoft.Network/networkInterfaces",
            "name": "[parameters('networkInterfaces_amsvm077_name')]",
            "apiVersion": "2018-08-01",
            "location": "westeurope",
            "tags": {},
            "scale": null,
            "properties": {
                "provisioningState": "Succeeded",
                "resourceGuid": "c6454795-7fac-45f7-ae6f-85d9aaf44e66",
                "ipConfigurations": [
                    {
                        "name": "ipconfig1",
                        "etag": "W/\"267e01c6-0e57-4635-a5f1-f2aff5a45bac\"",
                        "properties": {
                            "provisioningState": "Succeeded",
                            "privateIPAddress": "10.1.0.4",
                            "privateIPAllocationMethod": "Dynamic",
                            "publicIPAddress": {
                                "id": "[resourceId('Microsoft.Network/publicIPAddresses', parameters('publicIPAddresses_bemamsvm0_name'))]"
                            },
                            "subnet": {
                                "id": "[resourceId('Microsoft.Network/virtualNetworks/subnets', parameters('virtualNetworks_vnetAms_name'), parameters('subnets_default_name'))]"
                            },
                            "primary": true,
                            "privateIPAddressVersion": "IPv4"
                        }
                    }
                ],
                "dnsSettings": {
                    "dnsServers": [],
                    "appliedDnsServers": [],
                    "internalDomainNameSuffix": "qfniskf053duncpiamuzr2eobe.ax.internal.cloudapp.net"
                },
                "macAddress": "00-0D-3A-23-29-62",
                "enableAcceleratedNetworking": false,
                "enableIPForwarding": false,
                "networkSecurityGroup": {
                    "id": "[resourceId('Microsoft.Network/networkSecurityGroups', parameters('networkSecurityGroups_amsnsg_name'))]"
                },
                "primary": true,
                "tapConfigurations": []
            },
            "dependsOn": [
                "[resourceId('Microsoft.Network/publicIPAddresses', parameters('publicIPAddresses_bemamsvm0_name'))]",
                "[resourceId('Microsoft.Network/virtualNetworks/subnets', parameters('virtualNetworks_vnetAms_name'), parameters('subnets_default_name'))]",
                "[resourceId('Microsoft.Network/networkSecurityGroups', parameters('networkSecurityGroups_amsnsg_name'))]"
            ]
        },
        {
            "comments": "Generalized from resource: '/subscriptions/d1d90306-d2f7-4037-b629-1c56e1d54fa5/resourceGroups/rgAms/providers/Microsoft.Network/networkInterfaces/amsvm1681'.",
            "type": "Microsoft.Network/networkInterfaces",
            "name": "[parameters('networkInterfaces_amsvm1681_name')]",
            "apiVersion": "2018-08-01",
            "location": "westeurope",
            "tags": {},
            "scale": null,
            "properties": {
                "provisioningState": "Succeeded",
                "resourceGuid": "884357e5-bf0c-4366-ab7b-5680012fc865",
                "ipConfigurations": [
                    {
                        "name": "ipconfig1",
                        "etag": "W/\"0139c811-584e-4cb0-b864-8a62aa964313\"",
                        "properties": {
                            "provisioningState": "Succeeded",
                            "privateIPAddress": "10.1.0.5",
                            "privateIPAllocationMethod": "Dynamic",
                            "publicIPAddress": {
                                "id": "[resourceId('Microsoft.Network/publicIPAddresses', parameters('publicIPAddresses_bemamsvm1_name'))]"
                            },
                            "subnet": {
                                "id": "[resourceId('Microsoft.Network/virtualNetworks/subnets', parameters('virtualNetworks_vnetAms_name'), parameters('subnets_default_name'))]"
                            },
                            "primary": true,
                            "privateIPAddressVersion": "IPv4"
                        }
                    }
                ],
                "dnsSettings": {
                    "dnsServers": [],
                    "appliedDnsServers": [],
                    "internalDomainNameSuffix": "qfniskf053duncpiamuzr2eobe.ax.internal.cloudapp.net"
                },
                "macAddress": "00-0D-3A-47-87-EE",
                "enableAcceleratedNetworking": false,
                "enableIPForwarding": false,
                "networkSecurityGroup": {
                    "id": "[resourceId('Microsoft.Network/networkSecurityGroups', parameters('networkSecurityGroups_amsnsg_name'))]"
                },
                "primary": true,
                "tapConfigurations": []
            },
            "dependsOn": [
                "[resourceId('Microsoft.Network/publicIPAddresses', parameters('publicIPAddresses_bemamsvm1_name'))]",
                "[resourceId('Microsoft.Network/virtualNetworks/subnets', parameters('virtualNetworks_vnetAms_name'), parameters('subnets_default_name'))]",
                "[resourceId('Microsoft.Network/networkSecurityGroups', parameters('networkSecurityGroups_amsnsg_name'))]"
            ]
        },
        {
            "comments": "Generalized from resource: '/subscriptions/d1d90306-d2f7-4037-b629-1c56e1d54fa5/resourceGroups/rgAms/providers/Microsoft.Network/networkSecurityGroups/amsnsg'.",
            "type": "Microsoft.Network/networkSecurityGroups",
            "name": "[parameters('networkSecurityGroups_amsnsg_name')]",
            "apiVersion": "2018-08-01",
            "location": "westeurope",
            "tags": {},
            "scale": null,
            "properties": {
                "provisioningState": "Succeeded",
                "resourceGuid": "5ab8d16c-3260-4140-a758-811fac46214f",
                "securityRules": [
                    {
                        "name": "AllowRDP",
                        "etag": "W/\"c0c995b8-06ae-47ed-a76b-80042cb1217a\"",
                        "properties": {
                            "provisioningState": "Succeeded",
                            "protocol": "TCP",
                            "sourcePortRange": "*",
                            "destinationPortRange": "3389",
                            "sourceAddressPrefix": "*",
                            "destinationAddressPrefix": "*",
                            "access": "Allow",
                            "priority": 100,
                            "direction": "Inbound",
                            "sourcePortRanges": [],
                            "destinationPortRanges": [],
                            "sourceAddressPrefixes": [],
                            "destinationAddressPrefixes": []
                        }
                    },
                    {
                        "name": "AllowHTTP",
                        "etag": "W/\"c0c995b8-06ae-47ed-a76b-80042cb1217a\"",
                        "properties": {
                            "provisioningState": "Succeeded",
                            "protocol": "TCP",
                            "sourcePortRange": "*",
                            "destinationPortRange": "80",
                            "sourceAddressPrefix": "*",
                            "destinationAddressPrefix": "*",
                            "access": "Allow",
                            "priority": 110,
                            "direction": "Inbound",
                            "sourcePortRanges": [],
                            "destinationPortRanges": [],
                            "sourceAddressPrefixes": [],
                            "destinationAddressPrefixes": []
                        }
                    }
                ],
                "defaultSecurityRules": [
                    {
                        "name": "AllowVnetInBound",
                        "etag": "W/\"c0c995b8-06ae-47ed-a76b-80042cb1217a\"",
                        "properties": {
                            "provisioningState": "Succeeded",
                            "description": "Allow inbound traffic from all VMs in VNET",
                            "protocol": "*",
                            "sourcePortRange": "*",
                            "destinationPortRange": "*",
                            "sourceAddressPrefix": "VirtualNetwork",
                            "destinationAddressPrefix": "VirtualNetwork",
                            "access": "Allow",
                            "priority": 65000,
                            "direction": "Inbound",
                            "sourcePortRanges": [],
                            "destinationPortRanges": [],
                            "sourceAddressPrefixes": [],
                            "destinationAddressPrefixes": []
                        }
                    },
                    {
                        "name": "AllowAzureLoadBalancerInBound",
                        "etag": "W/\"c0c995b8-06ae-47ed-a76b-80042cb1217a\"",
                        "properties": {
                            "provisioningState": "Succeeded",
                            "description": "Allow inbound traffic from azure load balancer",
                            "protocol": "*",
                            "sourcePortRange": "*",
                            "destinationPortRange": "*",
                            "sourceAddressPrefix": "AzureLoadBalancer",
                            "destinationAddressPrefix": "*",
                            "access": "Allow",
                            "priority": 65001,
                            "direction": "Inbound",
                            "sourcePortRanges": [],
                            "destinationPortRanges": [],
                            "sourceAddressPrefixes": [],
                            "destinationAddressPrefixes": []
                        }
                    },
                    {
                        "name": "DenyAllInBound",
                        "etag": "W/\"c0c995b8-06ae-47ed-a76b-80042cb1217a\"",
                        "properties": {
                            "provisioningState": "Succeeded",
                            "description": "Deny all inbound traffic",
                            "protocol": "*",
                            "sourcePortRange": "*",
                            "destinationPortRange": "*",
                            "sourceAddressPrefix": "*",
                            "destinationAddressPrefix": "*",
                            "access": "Deny",
                            "priority": 65500,
                            "direction": "Inbound",
                            "sourcePortRanges": [],
                            "destinationPortRanges": [],
                            "sourceAddressPrefixes": [],
                            "destinationAddressPrefixes": []
                        }
                    },
                    {
                        "name": "AllowVnetOutBound",
                        "etag": "W/\"c0c995b8-06ae-47ed-a76b-80042cb1217a\"",
                        "properties": {
                            "provisioningState": "Succeeded",
                            "description": "Allow outbound traffic from all VMs to all VMs in VNET",
                            "protocol": "*",
                            "sourcePortRange": "*",
                            "destinationPortRange": "*",
                            "sourceAddressPrefix": "VirtualNetwork",
                            "destinationAddressPrefix": "VirtualNetwork",
                            "access": "Allow",
                            "priority": 65000,
                            "direction": "Outbound",
                            "sourcePortRanges": [],
                            "destinationPortRanges": [],
                            "sourceAddressPrefixes": [],
                            "destinationAddressPrefixes": []
                        }
                    },
                    {
                        "name": "AllowInternetOutBound",
                        "etag": "W/\"c0c995b8-06ae-47ed-a76b-80042cb1217a\"",
                        "properties": {
                            "provisioningState": "Succeeded",
                            "description": "Allow outbound traffic from all VMs to Internet",
                            "protocol": "*",
                            "sourcePortRange": "*",
                            "destinationPortRange": "*",
                            "sourceAddressPrefix": "*",
                            "destinationAddressPrefix": "Internet",
                            "access": "Allow",
                            "priority": 65001,
                            "direction": "Outbound",
                            "sourcePortRanges": [],
                            "destinationPortRanges": [],
                            "sourceAddressPrefixes": [],
                            "destinationAddressPrefixes": []
                        }
                    },
                    {
                        "name": "DenyAllOutBound",
                        "etag": "W/\"c0c995b8-06ae-47ed-a76b-80042cb1217a\"",
                        "properties": {
                            "provisioningState": "Succeeded",
                            "description": "Deny all outbound traffic",
                            "protocol": "*",
                            "sourcePortRange": "*",
                            "destinationPortRange": "*",
                            "sourceAddressPrefix": "*",
                            "destinationAddressPrefix": "*",
                            "access": "Deny",
                            "priority": 65500,
                            "direction": "Outbound",
                            "sourcePortRanges": [],
                            "destinationPortRanges": [],
                            "sourceAddressPrefixes": [],
                            "destinationAddressPrefixes": []
                        }
                    }
                ]
            },
            "dependsOn": []
        },
        {
            "comments": "Generalized from resource: '/subscriptions/d1d90306-d2f7-4037-b629-1c56e1d54fa5/resourceGroups/rgAms/providers/Microsoft.Network/publicIPAddresses/bemamsvm0'.",
            "type": "Microsoft.Network/publicIPAddresses",
            "sku": {
                "name": "Basic",
                "tier": "Regional"
            },
            "name": "[parameters('publicIPAddresses_bemamsvm0_name')]",
            "apiVersion": "2018-08-01",
            "location": "westeurope",
            "scale": null,
            "properties": {
                "provisioningState": "Succeeded",
                "resourceGuid": "bfac14d1-db3c-4453-8813-45ab781480fd",
                "ipAddress": "51.144.87.80",
                "publicIPAddressVersion": "IPv4",
                "publicIPAllocationMethod": "Dynamic",
                "idleTimeoutInMinutes": 4,
                "dnsSettings": {
                    "domainNameLabel":"[parameters('domainNameLabel_dnsamsvm0_name')]",
                    "fqdn": "[concat(parameters('publicIPAddresses_bemamsvm0_name'),'dns.westeurope.cloudapp.azure.com')]"
                },
                "ipTags": []
            },
            "dependsOn": []
        },
        {
            "comments": "Generalized from resource: '/subscriptions/d1d90306-d2f7-4037-b629-1c56e1d54fa5/resourceGroups/rgAms/providers/Microsoft.Network/publicIPAddresses/bemamsvm1'.",
            "type": "Microsoft.Network/publicIPAddresses",
            "sku": {
                "name": "Basic",
                "tier": "Regional"
            },
            "name": "[parameters('publicIPAddresses_bemamsvm1_name')]",
            "apiVersion": "2018-08-01",
            "location": "westeurope",
            "scale": null,
            "properties": {
                "provisioningState": "Succeeded",
                "resourceGuid": "0d85b197-0deb-4d7e-ba3e-5f712dca9570",
                "ipAddress": "13.80.98.219",
                "publicIPAddressVersion": "IPv4",
                "publicIPAllocationMethod": "Dynamic",
                "idleTimeoutInMinutes": 4,
                "dnsSettings": {
                    "domainNameLabel":"[parameters('domainNameLabel_dnsamsvm1_name')]",
                    "fqdn": "[concat(parameters('publicIPAddresses_bemamsvm1_name'),'dns.westeurope.cloudapp.azure.com')]"
                },
                "ipTags": []
            },
            "dependsOn": []
        },
        {
            "comments": "Generalized from resource: '/subscriptions/d1d90306-d2f7-4037-b629-1c56e1d54fa5/resourceGroups/rgAms/providers/Microsoft.Network/virtualNetworks/vnetAms'.",
            "type": "Microsoft.Network/virtualNetworks",
            "name": "[parameters('virtualNetworks_vnetAms_name')]",
            "apiVersion": "2018-08-01",
            "location": "westeurope",
            "scale": null,
            "properties": {
                "provisioningState": "Succeeded",
                "resourceGuid": "28895a81-ffba-4647-89e8-032998f08e0c",
                "addressSpace": {
                    "addressPrefixes": [
                        "10.1.0.0/16"
                    ]
                },
                "subnets": [
                    {
                        "name": "default",
                        "etag": "W/\"3242a431-7523-4712-a43e-537748d12582\"",
                        "properties": {
                            "provisioningState": "Succeeded",
                            "addressPrefix": "10.1.0.0/24",
                            "delegations": []
                        }
                    }
                ],
                "virtualNetworkPeerings": [],
                "enableDdosProtection": false,
                "enableVmProtection": false
            },
            "dependsOn": []
        },
        {
            "comments": "Generalized from resource: '/subscriptions/d1d90306-d2f7-4037-b629-1c56e1d54fa5/resourceGroups/rgAms/providers/Microsoft.Storage/storageAccounts/storeamsbemcgarry'.",
            "type": "Microsoft.Storage/storageAccounts",
            "sku": {
                "name": "Standard_RAGRS",
                "tier": "Standard"
            },
            "kind": "StorageV2",
            "name": "[parameters('storageAccounts_storeamsbemcgarry_name')]",
            "apiVersion": "2018-07-01",
            "location": "westeurope",
            "tags": {},
            "scale": null,
            "properties": {
                "networkAcls": {
                    "bypass": "AzureServices",
                    "virtualNetworkRules": [],
                    "ipRules": [],
                    "defaultAction": "Allow"
                },
                "supportsHttpsTrafficOnly": true,
                "encryption": {
                    "services": {
                        "file": {
                            "enabled": true
                        },
                        "blob": {
                            "enabled": true
                        }
                    },
                    "keySource": "Microsoft.Storage"
                },
                "accessTier": "Hot"
            },
            "dependsOn": []
        },
        {
            "comments": "Generalized from resource: '/subscriptions/d1d90306-d2f7-4037-b629-1c56e1d54fa5/resourceGroups/rgAms/providers/Microsoft.Network/networkSecurityGroups/amsnsg/securityRules/AllowRDP'.",
            "type": "Microsoft.Network/networkSecurityGroups/securityRules",
            "name": "[concat(parameters('networkSecurityGroups_amsnsg_name'), '/', parameters('securityRules_AllowRDP_name'))]",
            "apiVersion": "2018-08-01",
            "scale": null,
            "properties": {
                "provisioningState": "Succeeded",
                "protocol": "TCP",
                "sourcePortRange": "*",
                "destinationPortRange": "3389",
                "sourceAddressPrefix": "*",
                "destinationAddressPrefix": "*",
                "access": "Allow",
                "priority": 100,
                "direction": "Inbound",
                "sourcePortRanges": [],
                "destinationPortRanges": [],
                "sourceAddressPrefixes": [],
                "destinationAddressPrefixes": []
            },
            "dependsOn": [
                "[resourceId('Microsoft.Network/networkSecurityGroups', parameters('networkSecurityGroups_amsnsg_name'))]"
            ]
        },
        {
            "comments": "Generalized from resource: '/subscriptions/d1d90306-d2f7-4037-b629-1c56e1d54fa5/resourceGroups/rgAms/providers/Microsoft.Network/networkSecurityGroups/amsnsg/securityRules/AllowHTTP'.",
            "type": "Microsoft.Network/networkSecurityGroups/securityRules",
            "name": "[concat(parameters('networkSecurityGroups_amsnsg_name'), '/', parameters('securityRules_AllowHTTP_name'))]",
            "apiVersion": "2018-08-01",
            "scale": null,
            "properties": {
                "provisioningState": "Succeeded",
                "protocol": "TCP",
                "sourcePortRange": "*",
                "destinationPortRange": "80",
                "sourceAddressPrefix": "*",
                "destinationAddressPrefix": "*",
                "access": "Allow",
                "priority": 110,
                "direction": "Inbound",
                "sourcePortRanges": [],
                "destinationPortRanges": [],
                "sourceAddressPrefixes": [],
                "destinationAddressPrefixes": []
            },
            "dependsOn": [
                "[resourceId('Microsoft.Network/networkSecurityGroups', parameters('networkSecurityGroups_amsnsg_name'))]"
            ]
        },
        {
            "comments": "Generalized from resource: '/subscriptions/d1d90306-d2f7-4037-b629-1c56e1d54fa5/resourceGroups/rgAms/providers/Microsoft.Network/virtualNetworks/vnetAms/subnets/default'.",
            "type": "Microsoft.Network/virtualNetworks/subnets",
            "name": "[concat(parameters('virtualNetworks_vnetAms_name'), '/', parameters('subnets_default_name'))]",
            "apiVersion": "2018-08-01",
            "scale": null,
            "properties": {
                "provisioningState": "Succeeded",
                "addressPrefix": "10.1.0.0/24",
                "delegations": []
            },
            "dependsOn": [
                "[resourceId('Microsoft.Network/virtualNetworks', parameters('virtualNetworks_vnetAms_name'))]"
            ]
        }
    ]
}